time,temperature_2m,relativehumidity_2m,surface_pressure,precipitation,cloudcover,direct_radiation,diffuse_radiation,windspeed_10m
00,-4.5,93,998.4,0.0,100,0.0,0.0,11.3
01,-4.2,93,997.6,0.0,100,0.0,0.0,11.0
02,-3.9,93,996.6,0.0,100,0.0,0.0,11.7
03,-3.5,93,995.9,0.0,100,0.0,0.0,16.8
04,-3.0,94,995.0,0.0,100,0.0,0.0,17.8
05,-2.6,95,993.9,0.0,100,0.0,0.0,16.8
06,-2.1,96,993.1,0.1,100,0.0,0.0,16.4
07,-1.5,97,991.9,0.2,100,0.0,0.0,18.2
08,-0.9,97,991.0,0.4,100,0.0,0.0,18.6
09,-0.3,98,990.4,0.9,100,0.0,1.0,17.9
10,0.2,98,989.6,1.2,100,0.0,12.0,16.4
11,0.5,98,989.1,1.1,100,0.0,18.0,18.4
12,0.7,98,988.6,0.8,100,0.0,46.0,17.1
13,0.9,98,988.2,0.4,100,0.0,65.0,17.2
14,1.3,97,988.0,0.0,95,5.0,101.0,19.1
15,1.6,96,988.4,0.0,89,1.0,88.0,17.8
16,1.5,96,988.6,0.0,90,2.0,44.0,15.5
17,1.4,96,989.4,0.0,90,0.0,5.0,12.7
18,1.3,97,989.8,0.0,90,0.0,0.0,15.9
19,1.3,96,990.0,0.0,91,0.0,0.0,17.9
20,1.2,97,990.1,0.0,96,0.0,0.0,17.7
21,1.1,98,990.3,0.1,95,0.0,0.0,19.0
22,1.2,98,990.3,0.1,100,0.0,0.0,19.3
23,1.0,99,990.4,0.1,100,0.0,0.0,19.8
00,0.8,100,990.6,0.2,100,0.0,0.0,19.0
01,0.7,100,990.6,0.3,100,0.0,0.0,20.3
02,0.6,99,990.6,0.3,100,0.0,0.0,20.9
03,0.6,99,991.1,0.3,100,0.0,0.0,14.0
04,0.8,97,991.5,0.3,100,0.0,0.0,17.8
05,0.9,94,992.0,0.1,100,0.0,0.0,22.3
06,0.8,91,993.2,0.0,100,0.0,0.0,24.9
07,0.1,89,994.3,0.0,100,0.0,0.0,25.8
08,-0.8,87,995.8,0.0,100,0.0,0.0,25.5
09,-1.9,85,998.0,0.0,100,0.0,2.0,26.3
10,-2.6,84,999.5,0.0,88,1.0,37.0,25.5
11,-3.2,82,1000.6,0.0,89,4.0,78.0,23.7
12,-3.5,78,1001.0,0.0,87,21.0,113.0,21.3
13,-3.7,79,1001.3,0.0,82,13.0,120.0,15.5
14,-3.9,79,1001.5,0.0,89,13.0,107.0,18.0
15,-4.4,79,1002.7,0.0,88,18.0,94.0,18.3
16,-5.0,80,1003.3,0.0,69,5.0,57.0,16.0
17,-6.0,82,1003.3,0.0,43,1.0,11.0,12.7
18,-6.6,83,1004.2,0.0,75,0.0,0.0,12.7
19,-6.9,83,1003.7,0.0,100,0.0,0.0,9.4
20,-7.1,83,1004.2,0.0,54,0.0,0.0,9.3
21,-7.5,84,1004.0,0.0,68,0.0,0.0,6.0
22,-8.1,86,1003.9,0.0,100,0.0,0.0,5.8
23,-8.8,87,1003.5,0.0,100,0.0,0.0,5.7
00,-9.2,87,1003.0,0.0,100,0.0,0.0,6.4
01,-9.5,88,1002.1,0.0,97,0.0,0.0,7.9
02,-9.2,88,1001.7,0.0,97,0.0,0.0,9.4
03,-8.5,88,1000.8,0.0,100,0.0,0.0,11.1
04,-7.5,87,999.8,0.1,91,0.0,0.0,13.3
05,-6.7,87,998.3,0.2,100,0.0,0.0,15.5
06,-6.1,87,996.5,0.5,100,0.0,0.0,17.5
07,-5.7,88,994.6,0.7,100,0.0,0.0,20.6
08,-5.3,89,992.7,1.0,100,0.0,0.0,23.1
09,-4.8,89,991.4,1.3,100,0.0,1.0,23.6
10,-4.1,91,990.1,1.5,100,0.0,17.0,23.6
11,-3.2,91,988.5,1.6,100,0.0,42.0,23.6
12,-2.1,92,986.9,1.2,100,0.0,52.0,23.3
13,-0.9,93,985.1,0.9,100,0.0,66.0,22.0
14,0.3,94,983.5,0.4,100,1.0,68.0,21.9
15,0.9,95,982.6,0.3,100,0.0,44.0,20.7
16,1.3,95,981.9,0.2,100,0.0,24.0,20.7
17,1.9,96,981.3,0.1,100,0.0,4.0,22.0
18,2.5,95,981.1,0.2,100,0.0,0.0,23.4
19,2.6,97,980.8,0.2,100,0.0,0.0,23.4
20,2.8,98,980.1,0.5,100,0.0,0.0,22.0
21,3.1,97,979.8,0.5,100,0.0,0.0,20.8
22,3.1,96,979.1,0.5,100,0.0,0.0,20.0
23,3.1,97,978.9,0.4,100,0.0,0.0,19.7
00,3.1,98,979.1,0.2,100,0.0,0.0,20.6
01,3.0,98,979.2,0.3,100,0.0,0.0,20.7
02,2.6,97,979.8,0.3,100,0.0,0.0,22.3
03,1.8,94,980.9,0.0,100,0.0,0.0,23.2
04,0.5,94,981.8,0.0,100,0.0,0.0,24.2
05,-0.7,94,982.8,0.0,99,0.0,0.0,24.0
06,-1.9,93,983.7,0.0,91,0.0,0.0,23.1
07,-2.8,92,984.9,0.0,93,0.0,0.0,20.9
08,-3.4,91,985.6,0.0,91,0.0,0.0,19.6
09,-3.9,90,986.9,0.0,91,0.0,2.0,17.6
10,-3.7,89,988.0,0.0,94,1.0,34.0,17.6
11,-3.8,88,988.8,0.0,95,3.0,85.0,15.3
12,-3.6,87,989.5,0.0,90,12.0,121.0,14.3
13,-3.5,87,989.8,0.0,82,14.0,134.0,13.0
14,-3.3,87,990.3,0.0,85,19.0,131.0,12.7
15,-3.3,87,990.8,0.0,71,6.0,100.0,11.8
16,-3.2,88,991.3,0.0,59,6.0,48.0,6.1
17,-3.3,90,992.3,0.0,79,1.0,9.0,7.1
18,-3.4,92,993.0,0.0,93,0.0,0.0,6.1
19,-3.3,92,993.4,0.0,92,0.0,0.0,1.1
20,-3.1,93,993.2,0.0,94,0.0,0.0,5.2
21,-2.5,93,993.4,0.0,94,0.0,0.0,8.2
22,-2.9,92,993.5,0.1,97,0.0,0.0,9.7
23,-2.4,92,993.7,0.1,93,0.0,0.0,11.8
00,-1.8,94,993.9,0.1,100,0.0,0.0,12.2
01,-1.1,95,993.8,0.0,100,0.0,0.0,11.5
02,-0.5,96,993.2,0.0,100,0.0,0.0,10.4
03,-0.1,97,993.2,0.0,100,0.0,0.0,11.3
04,0.4,97,992.8,0.0,100,0.0,0.0,13.3
05,0.7,96,992.3,0.0,100,0.0,0.0,17.2
06,1.3,93,991.3,0.2,100,0.0,0.0,21.0
07,1.7,92,990.0,0.4,100,0.0,0.0,23.5
08,2.1,91,988.9,0.5,100,0.0,0.0,25.4
09,2.5,91,988.2,0.5,100,0.0,1.0,26.7
10,3.0,90,987.7,0.6,100,0.0,15.0,27.5
11,3.2,90,987.7,0.5,100,0.0,30.0,27.5
12,3.4,91,987.1,0.1,100,0.0,32.0,26.4
13,3.6,93,986.5,0.0,100,0.0,62.0,25.4
14,3.9,93,985.6,0.0,100,4.0,98.0,24.8
15,4.0,93,985.9,0.0,100,3.0,57.0,22.9
16,3.9,93,986.4,0.0,100,0.0,32.0,20.4
17,3.8,94,987.5,0.0,100,1.0,5.0,18.4
18,3.5,94,987.5,0.0,90,0.0,0.0,15.6
19,3.2,95,988.1,0.0,94,0.0,0.0,12.8
20,2.7,96,988.2,0.6,100,0.0,0.0,11.5
21,2.4,96,988.6,0.2,100,0.0,0.0,8.5
22,2.1,97,988.5,0.0,100,0.0,0.0,7.5
23,2.1,98,988.3,0.1,100,0.0,0.0,8.3
00,1.9,98,988.2,0.2,100,0.0,0.0,7.1
01,2.0,98,988.1,0.2,100,0.0,0.0,8.0
02,2.2,98,987.9,0.0,100,0.0,0.0,10.9
03,2.5,98,987.5,0.0,100,0.0,0.0,13.6
04,2.4,98,986.9,0.0,100,0.0,0.0,15.6
05,2.4,97,986.5,0.0,100,0.0,0.0,16.4
06,2.3,96,986.5,0.0,85,0.0,0.0,17.6
07,2.2,96,986.6,0.0,76,0.0,0.0,17.5
08,2.1,95,986.6,0.0,76,0.0,0.0,17.1
09,2.1,95,987.3,0.0,97,0.0,3.0,15.8
10,2.5,97,987.7,0.0,100,2.0,32.0,15.5
11,2.8,97,988.0,0.0,100,3.0,41.0,14.7
12,2.9,97,988.4,0.2,100,1.0,44.0,13.4
13,3.1,97,988.7,0.4,100,1.0,58.0,12.2
14,3.1,97,988.6,0.5,100,3.0,62.0,12.0
15,3.1,97,989.0,0.6,100,1.0,44.0,11.7
16,3.0,98,989.5,0.3,100,0.0,29.0,10.2
17,2.8,98,990.4,0.0,100,0.0,4.0,10.5
18,2.5,98,990.8,0.0,100,0.0,0.0,10.1
19,2.2,97,991.1,0.0,100,0.0,0.0,9.0
20,2.0,97,991.2,0.0,100,0.0,0.0,7.9
21,1.7,97,991.9,0.0,100,0.0,0.0,8.0
22,1.4,96,992.5,0.0,100,0.0,0.0,9.4
23,1.3,96,993.2,0.1,100,0.0,0.0,9.0
00,1.1,96,993.0,0.1,100,0.0,0.0,9.2
01,0.7,97,993.6,0.2,66,0.0,0.0,8.6
02,0.4,97,993.9,0.2,60,0.0,0.0,8.9
03,0.2,97,994.1,0.1,62,0.0,0.0,10.3
04,-0.0,96,994.3,0.1,64,0.0,0.0,12.8
05,-0.3,95,994.1,0.0,83,0.0,0.0,15.1
06,-0.3,95,994.4,0.0,82,0.0,0.0,16.8
07,-0.2,95,994.7,0.0,87,0.0,0.0,18.6
08,-0.0,93,995.2,0.0,86,0.0,0.0,19.5
09,-0.0,92,996.2,0.0,89,0.0,2.0,20.7
10,0.3,91,997.0,0.0,86,3.0,24.0,21.0
11,0.5,91,997.6,0.1,85,8.0,50.0,20.6
12,0.7,88,998.1,0.1,47,31.0,95.0,21.6
13,0.9,84,998.3,0.2,39,116.0,96.0,23.1
14,0.3,81,999.2,0.3,35,148.0,75.0,24.8
15,-0.7,83,1000.3,0.0,27,33.0,75.0,25.5
16,-2.0,81,1002.1,0.0,63,12.0,45.0,23.2
17,-2.9,78,1003.2,0.0,40,1.0,9.0,20.1
18,-3.5,76,1004.3,0.0,20,0.0,0.0,16.6
19,-4.2,75,1005.3,0.0,9,0.0,0.0,15.7
20,-4.7,73,1006.2,0.0,5,0.0,0.0,15.2
21,-5.3,72,1007.2,0.0,3,0.0,0.0,14.3
22,-5.6,74,1007.8,0.0,0,0.0,0.0,13.1
23,-6.3,76,1008.5,0.0,0,0.0,0.0,11.9
00,-7.3,78,1008.9,0.0,0,0.0,0.0,10.9
01,-8.4,80,1009.6,0.0,0,0.0,0.0,11.2
02,-9.4,81,1010.3,0.0,0,0.0,0.0,11.2
03,-10.1,82,1010.4,0.0,0,0.0,0.0,10.1
04,-10.2,83,1010.3,0.0,0,0.0,0.0,10.0
05,-10.3,84,1010.9,0.0,0,0.0,0.0,10.3
06,-9.9,84,1011.2,0.0,1,0.0,0.0,9.5
07,-8.7,82,1011.7,0.0,0,0.0,0.0,8.0
08,-6.9,79,1012.0,0.0,0,0.0,0.0,8.2
09,-5.6,77,1012.9,0.0,3,1.0,3.0,8.5
10,-6.3,84,1013.3,0.0,5,38.0,33.0,6.1
11,-5.9,82,1013.3,0.0,6,109.0,58.0,7.4
12,-3.3,75,1013.5,0.0,3,166.0,72.0,5.2
13,-2.9,77,1013.3,0.0,0,199.0,74.0,5.7
14,-2.1,78,1012.5,0.0,0,189.0,71.0,5.8
15,-2.1,76,1012.2,0.0,0,140.0,62.0,5.5
16,-3.4,79,1012.1,0.0,2,68.0,44.0,7.6
17,-6.0,81,1011.9,0.0,23,9.0,12.0,10.8
18,-7.8,83,1011.6,0.0,32,0.0,0.0,8.2
19,-8.7,83,1011.3,0.0,60,0.0,0.0,8.7
20,-9.1,84,1011.2,0.0,77,0.0,0.0,10.2
21,-9.1,84,1011.1,0.0,58,0.0,0.0,12.0
22,-8.6,82,1010.7,0.0,46,0.0,0.0,12.8
23,-7.7,80,1010.1,0.0,56,0.0,0.0,14.1
00,-7.0,77,1009.2,0.0,56,0.0,0.0,15.4
01,-6.7,75,1008.8,0.0,69,0.0,0.0,17.9
02,-6.2,73,1008.3,0.0,54,0.0,0.0,18.2
03,-6.0,71,1007.6,0.0,59,0.0,0.0,18.4
04,-6.0,70,1006.6,0.0,71,0.0,0.0,17.9
05,-5.7,68,1005.9,0.0,86,0.0,0.0,17.8
06,-5.3,67,1005.2,0.0,92,0.0,0.0,18.1
07,-5.1,67,1004.3,0.0,100,0.0,0.0,18.3
08,-4.9,68,1003.9,0.0,100,0.0,0.0,17.7
09,-4.9,70,1003.5,0.1,100,0.0,3.0,17.1
10,-3.6,76,1002.9,0.4,100,0.0,22.0,17.6
11,-3.0,78,1002.2,0.3,100,1.0,58.0,18.4
12,-2.5,81,1001.2,0.5,100,0.0,71.0,17.9
13,-2.1,85,1000.8,0.8,100,0.0,68.0,16.4
14,-1.8,88,999.9,0.7,100,0.0,48.0,15.1
15,-1.4,89,999.2,0.6,100,0.0,33.0,14.3
16,-1.0,89,998.8,0.4,100,1.0,22.0,15.8
17,-0.8,90,998.6,0.1,100,1.0,6.0,15.0
18,-0.9,91,998.2,0.0,92,0.0,0.0,15.5
19,-1.0,91,998.0,0.0,100,0.0,0.0,16.0
20,-0.9,92,997.4,0.0,100,0.0,0.0,16.3
21,-0.8,92,997.4,0.0,100,0.0,0.0,16.3
22,-1.0,93,997.0,0.0,84,0.0,0.0,16.3
23,-1.1,93,996.8,0.0,100,0.0,0.0,16.1
00,-1.1,93,996.9,0.0,100,0.0,0.0,14.8
01,-0.9,93,996.6,0.0,100,0.0,0.0,13.0
02,-0.7,93,996.4,0.0,100,0.0,0.0,12.0
03,-0.5,93,996.2,0.0,100,0.0,0.0,11.7
04,-0.5,94,996.0,0.0,100,0.0,0.0,13.0
05,-0.4,94,995.5,0.0,100,0.0,0.0,12.5
06,-0.4,94,995.5,0.0,100,0.0,0.0,11.5
07,-0.4,94,995.5,0.0,98,0.0,0.0,10.7
08,-0.4,95,995.9,0.0,92,0.0,0.0,9.5
09,-0.4,95,996.3,0.1,95,0.0,1.0,9.6
10,0.0,95,996.5,0.0,100,0.0,13.0,9.7
11,0.3,95,996.5,0.1,100,0.0,27.0,9.5
12,0.7,93,996.7,0.0,100,0.0,46.0,9.0
13,0.9,95,997.1,0.0,100,0.0,44.0,5.5
14,1.0,95,996.8,0.0,100,1.0,55.0,3.7
15,0.9,96,997.0,0.0,100,0.0,34.0,1.8
16,0.8,97,997.8,0.0,100,0.0,20.0,2.1
17,0.7,98,998.1,0.0,100,0.0,4.0,2.9
18,0.6,98,998.3,0.0,100,0.0,0.0,3.7
19,0.4,98,998.8,0.0,100,0.0,0.0,4.7
20,0.4,97,999.6,0.0,99,0.0,0.0,5.2
21,0.1,97,1000.2,0.0,94,0.0,0.0,7.9
22,0.0,97,1000.7,0.0,96,0.0,0.0,9.0
23,-0.2,96,1000.9,0.0,96,0.0,0.0,10.0
00,-0.5,96,1001.3,0.0,92,0.0,0.0,11.6
01,-1.1,95,1001.6,0.1,100,0.0,0.0,13.0
02,-1.6,94,1001.8,0.0,96,0.0,0.0,13.7
03,-2.1,92,1002.4,0.0,93,0.0,0.0,13.1
04,-2.5,92,1002.5,0.0,92,0.0,0.0,13.1
05,-2.7,91,1002.7,0.0,90,0.0,0.0,12.3
06,-3.0,90,1002.8,0.0,90,0.0,0.0,12.6
07,-3.3,89,1003.1,0.0,89,0.0,0.0,12.7
08,-3.5,90,1003.3,0.0,90,0.0,0.0,12.6
09,-3.6,90,1003.7,0.0,90,0.0,2.0,13.4
10,-3.0,89,1004.1,0.0,90,1.0,22.0,14.2
11,-2.8,88,1004.2,0.0,91,1.0,39.0,15.1
12,-2.6,86,1004.3,0.0,90,5.0,71.0,16.0
13,-2.7,85,1004.4,0.1,95,4.0,83.0,16.8
14,-3.2,84,1004.9,0.1,97,0.0,65.0,17.5
15,-3.7,83,1004.7,0.0,100,1.0,60.0,18.2
16,-4.4,82,1005.4,0.0,100,3.0,39.0,19.7
17,-5.0,82,1005.9,0.0,100,0.0,11.0,20.3
18,-5.4,81,1006.4,0.0,100,0.0,0.0,19.6
19,-5.8,81,1006.5,0.0,100,0.0,0.0,19.1
20,-6.1,80,1006.8,0.0,100,0.0,0.0,18.7
21,-6.4,80,1007.1,0.0,100,0.0,0.0,19.6
22,-6.4,78,1007.4,0.0,100,0.0,0.0,20.4
23,-6.9,78,1007.8,0.0,100,0.0,0.0,20.7
00,-7.5,77,1007.9,0.0,97,0.0,0.0,21.0
01,-7.9,77,1007.8,0.0,100,0.0,0.0,20.5
02,-8.3,76,1007.9,0.0,90,0.0,0.0,21.2
03,-8.6,75,1008.0,0.0,89,0.0,0.0,21.3
04,-8.8,74,1008.5,0.0,89,0.0,0.0,20.5
05,-9.0,72,1008.5,0.0,92,0.0,0.0,19.4
06,-9.3,72,1008.7,0.0,100,0.0,0.0,19.1
07,-9.6,72,1008.8,0.0,100,0.0,0.0,18.1
08,-10.1,73,1008.9,0.0,87,0.0,0.0,18.3
09,-10.5,73,1009.0,0.0,90,0.0,4.0,17.7
10,-10.3,73,1009.3,0.0,90,12.0,42.0,17.7
11,-10.3,71,1009.3,0.0,100,34.0,90.0,17.8
12,-10.1,70,1009.3,0.0,100,67.0,113.0,18.2
13,-10.0,68,1009.3,0.0,100,47.0,130.0,17.6
14,-10.0,67,1008.8,0.0,72,54.0,123.0,17.6
15,-10.0,66,1008.4,0.0,50,71.0,95.0,17.7
16,-10.5,67,1008.7,0.0,34,33.0,53.0,17.9
17,-11.2,69,1008.9,0.0,66,8.0,14.0,16.8
18,-11.9,71,1009.0,0.0,95,0.0,0.0,16.6
19,-12.5,73,1009.2,0.0,100,0.0,0.0,15.6
20,-13.0,75,1009.3,0.0,100,0.0,0.0,14.8
21,-13.5,76,1009.4,0.0,100,0.0,0.0,14.9
22,-13.7,76,1009.4,0.0,88,0.0,0.0,15.1
23,-14.2,76,1009.7,0.0,90,0.0,0.0,15.3
00,-14.7,77,1009.8,0.0,90,0.0,0.0,15.3
01,-15.0,76,1009.4,0.0,90,0.0,0.0,15.8
02,-15.2,75,1009.3,0.0,90,0.0,0.0,16.6
03,-15.3,74,1009.2,0.0,90,0.0,0.0,16.8
04,-15.4,74,1009.2,0.0,91,0.0,0.0,17.8
05,-15.5,73,1009.0,0.0,98,0.0,0.0,16.8
06,-15.5,73,1008.9,0.0,100,0.0,0.0,16.4
07,-15.4,72,1008.9,0.0,100,0.0,0.0,18.2
08,-15.2,71,1009.3,0.1,100,0.0,0.0,18.6
09,-14.9,71,1009.1,0.1,100,0.0,4.0,17.9
10,-13.7,72,1008.7,0.0,97,6.0,48.0,16.4
11,-13.1,70,1009.0,0.0,85,57.0,88.0,18.4
12,-12.5,69,1008.3,0.0,89,43.0,129.0,17.1
13,-11.8,67,1007.0,0.0,77,99.0,125.0,17.2
14,-11.1,66,1006.4,0.0,26,111.0,113.0,19.1
15,-10.7,66,1005.7,0.0,0,92.0,93.0,17.8
16,-10.5,66,1005.3,0.0,1,58.0,56.0,15.5
17,-11.0,69,1004.6,0.0,49,14.0,15.0,12.7
18,-11.1,71,1003.4,0.0,80,0.0,0.0,15.9
19,-10.3,72,1003.0,0.0,100,0.0,0.0,17.9
20,-9.2,75,1002.0,0.1,100,0.0,0.0,17.7
21,-8.2,78,1000.9,0.1,100,0.0,0.0,19.0
22,-6.9,81,1000.4,0.1,100,0.0,0.0,19.3
23,-6.2,83,999.4,0.1,100,0.0,0.0,19.8
00,-5.5,84,998.4,0.1,100,0.0,0.0,19.0
01,-4.9,86,996.4,0.1,100,0.0,0.0,20.3
02,-4.1,87,995.5,0.0,99,0.0,0.0,20.9
03,-3.3,88,994.7,0.0,100,0.0,0.0,14.8
04,-2.6,89,993.7,0.0,100,0.0,0.0,14.9
05,-1.9,90,992.2,0.1,94,0.0,0.0,13.6
06,-1.1,92,991.1,0.1,99,0.0,0.0,12.3
07,-0.5,92,989.3,0.0,100,0.0,0.0,10.4
08,0.1,93,988.4,0.1,100,0.0,0.0,8.9
09,0.6,93,987.3,0.0,100,0.0,2.0,8.7
10,1.0,93,986.0,0.1,100,0.0,15.0,8.2
11,1.5,92,984.9,0.1,95,0.0,46.0,8.7
12,2.0,90,983.0,0.0,97,2.0,59.0,10.8
13,2.3,89,980.6,0.0,100,0.0,71.0,12.1
14,2.4,89,979.1,0.1,94,1.0,63.0,10.5
15,2.3,89,977.2,0.1,98,1.0,50.0,10.8
16,2.2,89,976.3,0.1,100,0.0,23.0,8.7
17,2.3,90,974.2,0.2,100,0.0,7.0,9.3
18,2.5,91,973.1,0.2,100,0.0,0.0,8.7
19,2.7,90,971.4,0.0,100,0.0,0.0,6.0
20,2.5,87,970.4,0.0,82,0.0,0.0,7.9
21,1.3,85,970.4,0.2,35,0.0,0.0,32.4
22,0.8,85,971.0,0.1,80,0.0,0.0,31.2
23,0.3,85,971.9,0.2,100,0.0,0.0,30.1
00,-0.0,87,972.7,0.3,100,0.0,0.0,29.3
01,-0.2,86,973.3,0.3,100,0.0,0.0,27.8
02,-0.5,85,974.7,0.2,98,0.0,0.0,25.8
03,-0.9,84,975.8,0.1,100,0.0,0.0,29.5
04,-1.0,83,977.2,0.0,100,0.0,0.0,27.6
05,-1.2,83,977.4,0.0,100,0.0,0.0,27.8
06,-1.3,83,978.6,0.1,100,0.0,0.0,27.7
07,-1.4,85,979.4,0.1,100,0.0,0.0,27.9
08,-1.2,84,980.4,0.1,77,0.0,0.0,28.3
09,-1.4,81,981.5,0.2,77,1.0,3.0,26.0
10,-1.6,81,982.7,0.0,98,16.0,37.0,24.2
11,-1.0,78,983.2,0.0,41,76.0,78.0,22.6
12,-0.7,78,983.3,0.0,62,159.0,82.0,29.7
13,-0.3,79,983.7,0.1,78,111.0,100.0,25.0
14,0.0,80,983.4,0.1,53,73.0,109.0,24.6
15,-0.2,80,984.4,0.2,67,58.0,95.0,25.6
16,-0.6,80,985.2,0.0,58,42.0,60.0,24.5
17,-1.3,82,986.6,0.0,35,9.0,19.0,23.4
18,-1.7,84,987.6,0.1,35,0.0,0.0,23.2
19,-1.9,83,988.8,0.0,20,0.0,0.0,22.0
20,-2.5,84,989.3,0.0,0,0.0,0.0,20.2
21,-2.3,81,990.5,0.0,0,0.0,0.0,19.3
22,-2.9,82,991.5,0.0,2,0.0,0.0,19.6
23,-3.2,82,992.6,0.0,5,0.0,0.0,20.1
00,-3.4,82,993.1,0.0,57,0.0,0.0,21.0
01,-3.1,81,993.5,0.0,56,0.0,0.0,21.3
02,-2.8,80,994.7,0.0,90,0.0,0.0,21.1
03,-2.6,80,995.3,0.0,86,0.0,0.0,20.5
04,-2.7,80,996.2,0.0,90,0.0,0.0,19.7
05,-2.8,79,995.9,0.0,90,0.0,0.0,18.9
06,-2.8,77,997.0,0.0,87,0.0,0.0,18.3
07,-2.6,80,997.4,0.0,89,0.0,0.0,18.3
08,-2.4,82,998.0,0.0,89,0.0,0.0,16.1
09,-2.1,84,998.4,0.0,89,0.0,2.0,15.9
10,-0.9,83,999.0,0.0,82,5.0,35.0,16.1
11,-0.6,82,999.4,0.2,69,48.0,66.0,18.4
12,-0.3,80,999.9,0.2,45,107.0,78.0,23.5
13,0.0,78,999.8,0.1,88,145.0,95.0,20.4
14,0.0,78,999.9,0.1,75,138.0,104.0,18.3
15,-0.3,77,1000.3,0.1,38,74.0,87.0,16.8
16,-0.7,80,1000.9,0.0,38,37.0,46.0,14.8
17,-1.3,83,1001.3,0.0,49,6.0,15.0,12.6
18,-1.6,85,1001.7,0.0,70,0.0,0.0,12.5
19,-1.7,86,1001.8,0.0,77,0.0,0.0,11.9
20,-2.1,87,1001.9,0.0,75,0.0,0.0,12.2
21,-2.0,86,1001.8,0.0,73,0.0,0.0,11.7
22,-1.9,88,1001.9,0.0,59,0.0,0.0,11.4
23,-2.4,88,1001.7,0.0,67,0.0,0.0,10.1
00,-2.6,86,1001.6,0.0,56,0.0,0.0,9.9
01,-2.6,84,1001.1,0.0,75,0.0,0.0,12.1
02,-2.5,81,1000.7,0.0,85,0.0,0.0,14.2
03,-2.4,80,1000.1,0.0,78,0.0,0.0,15.7
04,-2.3,80,999.2,0.0,74,0.0,0.0,17.7
05,-2.3,80,998.0,0.0,64,0.0,0.0,19.2
06,-2.5,80,997.3,0.0,68,0.0,0.0,19.9
07,-2.5,79,996.4,0.0,68,0.0,0.0,20.4
08,-2.6,78,995.3,0.0,77,0.0,0.0,21.1
09,-2.5,78,994.3,0.0,60,1.0,4.0,23.1
10,-2.1,80,993.3,0.0,82,18.0,45.0,22.5
11,-1.5,80,992.2,0.0,85,28.0,86.0,23.8
12,-1.0,78,991.1,0.1,85,3.0,108.0,24.7
13,-0.6,76,989.9,0.1,91,1.0,100.0,25.5
14,-0.1,74,988.2,0.1,92,13.0,130.0,27.8
15,0.1,76,987.1,0.1,98,3.0,85.0,26.8
16,0.2,78,986.4,0.1,100,1.0,46.0,27.1
17,0.0,81,985.5,0.2,100,0.0,13.0,26.3
18,-0.1,84,984.2,0.2,100,0.0,0.0,25.8
19,-0.1,86,983.9,0.2,100,0.0,0.0,25.3
20,-0.1,88,983.0,0.2,100,0.0,0.0,24.4
21,-0.2,89,982.4,0.2,100,0.0,0.0,23.2
22,-0.1,89,981.7,0.1,100,0.0,0.0,21.4
23,-0.2,89,981.2,0.1,100,0.0,0.0,20.8
00,-0.3,89,980.6,0.2,100,0.0,0.0,20.6
01,-0.3,90,980.1,0.3,100,0.0,0.0,21.3
02,-0.4,91,980.2,0.4,100,0.0,0.0,20.7
03,-0.4,92,979.7,0.4,100,0.0,0.0,18.7
04,-0.3,94,979.8,0.3,100,0.0,0.0,15.8
05,-0.3,93,979.8,0.3,100,0.0,0.0,14.8
06,-0.8,89,980.4,0.1,100,0.0,0.0,16.7
07,-1.5,86,980.9,0.0,100,0.0,0.0,16.1
08,-1.8,85,981.7,0.0,100,0.0,0.0,14.4
09,-2.1,85,982.3,0.0,100,0.0,5.0,14.6
10,-1.5,88,983.2,0.1,100,1.0,40.0,15.3
11,-1.2,85,984.0,0.0,100,5.0,94.0,17.8
12,-1.2,86,984.8,0.1,100,14.0,119.0,18.2
13,-1.8,87,985.4,0.1,100,14.0,108.0,18.5
14,-2.4,85,986.3,0.1,100,16.0,121.0,19.4
15,-2.9,84,987.1,0.1,100,29.0,120.0,18.7
16,-3.5,84,988.4,0.2,100,5.0,70.0,18.9
17,-4.1,85,988.9,0.2,100,0.0,19.0,19.9
18,-4.5,86,989.6,0.3,100,0.0,0.0,19.1
19,-4.7,87,990.4,0.4,100,0.0,0.0,18.3
20,-4.6,88,991.0,0.4,100,0.0,0.0,17.6
21,-4.2,90,991.6,0.2,100,0.0,0.0,17.3
22,-4.1,91,993.0,0.1,94,0.0,0.0,15.7
23,-3.9,92,994.3,0.1,100,0.0,0.0,13.5
00,-3.7,92,995.2,0.2,100,0.0,0.0,16.2
01,-3.7,90,996.5,0.3,100,0.0,0.0,18.8
02,-4.0,87,997.2,0.3,100,0.0,0.0,21.1
03,-4.5,86,998.2,0.4,100,0.0,0.0,22.7
04,-5.0,87,998.7,0.4,100,0.0,0.0,23.4
05,-5.5,85,999.0,0.2,100,0.0,0.0,23.0
06,-6.1,84,1000.2,0.1,100,0.0,0.0,23.3
07,-6.6,83,1001.0,0.1,100,0.0,0.0,23.5
08,-7.0,82,1001.7,0.0,100,0.0,0.0,21.1
09,-7.4,82,1002.4,0.0,100,0.0,6.0,20.3
10,-7.3,81,1003.4,0.0,87,6.0,55.0,21.4
11,-7.5,78,1004.0,0.0,90,8.0,110.0,23.0
12,-7.5,78,1004.3,0.0,90,6.0,143.0,21.7
13,-7.3,77,1003.6,0.0,90,13.0,152.0,18.3
14,-7.2,77,1003.8,0.0,90,7.0,144.0,18.0
15,-7.2,77,1004.1,0.0,90,7.0,132.0,17.4
16,-7.3,78,1004.6,0.0,90,10.0,74.0,16.6
17,-7.6,79,1005.0,0.0,89,1.0,24.0,13.3
18,-7.9,80,1005.3,0.0,86,0.0,0.0,12.1
19,-8.1,80,1005.3,0.0,84,0.0,0.0,10.5
20,-8.4,80,1005.2,0.0,64,0.0,0.0,7.7
21,-9.2,82,1005.7,0.0,46,0.0,0.0,7.1
22,-10.0,85,1005.6,0.0,11,0.0,0.0,6.4
23,-11.3,86,1005.8,0.0,4,0.0,0.0,8.5
00,-12.6,87,1005.3,0.0,1,0.0,0.0,9.3
01,-12.6,87,1005.2,0.0,41,0.0,0.0,8.8
02,-12.6,89,1004.6,0.0,71,0.0,0.0,5.6
03,-13.8,91,1004.3,0.0,81,0.0,0.0,6.4
04,-14.4,92,1003.8,0.0,78,0.0,0.0,5.9
05,-14.3,92,1003.6,0.0,87,0.0,0.0,6.1
06,-14.5,92,1003.7,0.0,90,0.0,0.0,6.4
07,-14.8,92,1003.4,0.0,91,0.0,0.0,8.7
08,-14.9,90,1003.1,0.0,90,0.0,0.0,10.7
09,-14.8,89,1003.0,0.0,66,2.0,6.0,12.3
10,-12.6,88,1002.9,0.0,59,16.0,46.0,13.8
11,-9.7,85,1002.8,0.0,59,59.0,78.0,13.9
12,-7.4,83,1002.6,0.0,47,74.0,99.0,14.3
13,-5.9,81,1001.6,0.0,94,109.0,131.0,15.0
14,-5.1,81,1000.4,0.0,87,84.0,134.0,16.6
15,-4.7,81,1000.2,0.0,94,58.0,113.0,18.0
16,-4.5,82,999.5,0.0,93,25.0,71.0,18.0
17,-4.5,84,998.9,0.0,100,2.0,21.0,18.1
18,-4.4,86,998.0,0.0,86,0.0,0.0,20.2
19,-4.2,87,997.8,0.0,90,0.0,0.0,20.2
20,-3.9,87,997.4,0.0,81,0.0,0.0,20.9
21,-3.7,87,997.2,0.0,94,0.0,0.0,20.5
22,-4.6,87,996.6,0.0,100,0.0,0.0,20.5
23,-4.7,87,996.4,0.0,83,0.0,0.0,20.2
00,-4.8,87,995.6,0.0,100,0.0,0.0,20.6
01,-4.4,87,995.1,0.0,100,0.0,0.0,19.9
02,-4.1,87,993.9,0.1,100,0.0,0.0,19.9
03,-3.7,88,993.3,0.2,100,0.0,0.0,19.4
04,-3.3,90,991.6,0.4,100,0.0,0.0,18.9
05,-2.7,91,990.7,0.5,100,0.0,0.0,17.8
06,-2.1,93,990.1,0.5,100,0.0,0.0,16.6
07,-1.6,94,989.2,0.3,100,0.0,0.0,15.9
08,-1.4,93,989.1,0.2,100,0.0,0.0,17.1
09,-1.5,93,989.2,0.1,100,0.0,5.0,17.7
10,-1.3,92,989.9,0.0,100,0.0,55.0,19.6
11,-1.0,91,990.3,0.1,100,3.0,98.0,19.5
12,-0.8,88,990.3,0.0,100,31.0,135.0,18.7
13,-1.1,85,989.8,0.1,47,60.0,174.0,21.3
14,-1.6,82,990.5,0.1,44,109.0,139.0,21.7
15,-1.9,80,990.6,0.0,89,76.0,124.0,21.9
16,-2.2,79,990.8,0.0,45,35.0,86.0,19.2
17,-2.6,79,991.1,0.0,41,9.0,29.0,18.3
18,-3.0,79,991.4,0.0,11,0.0,0.0,18.6
19,-3.0,78,991.3,0.0,12,0.0,0.0,18.9
20,-3.1,78,991.4,0.0,14,0.0,0.0,18.4
21,-3.3,78,991.2,0.0,45,0.0,0.0,19.0
22,-4.5,80,991.7,0.0,55,0.0,0.0,19.5
23,-5.0,81,991.4,0.0,21,0.0,0.0,19.6
00,-5.4,82,991.5,0.0,23,0.0,0.0,19.5
01,-5.5,82,991.2,0.0,80,0.0,0.0,19.3
02,-5.2,83,991.5,0.0,80,0.0,0.0,18.7
03,-5.0,83,991.5,0.0,65,0.0,0.0,17.7
04,-4.9,84,991.2,0.0,69,0.0,0.0,16.9
05,-4.9,85,991.4,0.0,68,0.0,0.0,16.4
06,-5.1,86,992.0,0.0,75,0.0,0.0,15.7
07,-5.1,86,992.4,0.0,79,0.0,0.0,15.5
08,-5.1,87,992.8,0.0,79,0.0,0.0,15.1
09,-4.9,86,993.0,0.0,95,0.0,6.0,15.0
10,-4.4,87,993.7,0.0,100,11.0,52.0,15.0
11,-3.7,86,993.9,0.0,100,16.0,102.0,14.5
12,-3.1,83,994.6,0.0,100,33.0,136.0,18.0
13,-2.6,82,994.6,0.0,100,59.0,143.0,17.5
14,-2.2,81,994.7,0.0,100,41.0,144.0,15.8
15,-2.1,81,995.4,0.0,96,15.0,132.0,15.5
16,-2.2,83,996.0,0.1,100,4.0,82.0,13.0
17,-2.6,85,996.4,0.1,100,2.0,27.0,11.9
18,-3.3,87,996.8,0.1,100,0.0,0.0,10.0
19,-3.7,89,997.5,0.2,86,0.0,0.0,9.9
20,-4.4,89,998.2,0.1,79,0.0,0.0,10.1
21,-4.8,90,998.6,0.1,90,0.0,0.0,9.1
22,-5.9,89,998.9,0.0,69,0.0,0.0,8.2
23,-7.2,90,999.5,0.0,45,0.0,0.0,7.8
00,-8.7,91,999.6,0.0,45,0.0,0.0,10.2
01,-10.1,92,999.8,0.0,24,0.0,0.0,11.0
02,-11.0,93,1000.0,0.0,12,0.0,0.0,11.6
03,-11.9,93,1000.4,0.0,12,0.0,0.0,11.7
04,-12.0,94,1000.4,0.0,19,0.0,0.0,11.4
05,-11.2,93,1000.7,0.0,32,0.0,0.0,10.5
06,-10.6,93,1002.0,0.0,45,0.0,0.0,8.9
07,-10.2,93,1002.7,0.0,58,0.0,0.0,9.2
08,-10.5,93,1003.3,0.0,67,0.0,0.0,9.0
09,-11.7,92,1004.0,0.0,80,3.0,7.0,8.3
10,-9.7,91,1004.9,0.0,92,13.0,52.0,8.6
11,-7.8,88,1005.3,0.0,100,35.0,109.0,8.6
12,-5.9,87,1005.8,0.0,100,55.0,157.0,9.4
13,-3.6,81,1006.4,0.0,100,37.0,195.0,12.2
14,-3.0,79,1006.3,0.0,100,18.0,177.0,13.5
15,-3.0,80,1007.4,0.0,100,17.0,137.0,13.6
16,-3.3,80,1008.3,0.0,100,6.0,98.0,13.7
17,-4.0,82,1008.2,0.0,99,1.0,39.0,14.8
18,-4.7,83,1008.9,0.0,40,0.0,0.0,15.8
19,-5.6,83,1009.1,0.0,34,0.0,0.0,16.0
20,-6.2,82,1009.5,0.0,62,0.0,0.0,17.6
21,-6.7,82,1009.4,0.0,87,0.0,0.0,19.3
22,-6.3,82,1009.6,0.0,86,0.0,0.0,19.9
23,-6.1,84,1009.9,0.0,95,0.0,0.0,20.5
00,-5.9,86,1010.0,0.0,100,0.0,0.0,22.5
01,-5.8,88,1010.2,0.0,100,0.0,0.0,24.1
02,-5.6,87,1009.7,0.1,100,0.0,0.0,24.7
03,-5.6,87,1009.6,0.2,100,0.0,0.0,25.2
04,-5.7,87,1009.5,0.2,100,0.0,0.0,25.6
05,-5.9,86,1009.4,0.2,100,0.0,0.0,24.8
06,-6.1,86,1009.9,0.2,100,0.0,0.0,23.7
07,-6.3,86,1010.2,0.2,100,0.0,0.0,22.7
08,-6.4,86,1010.6,0.2,100,0.0,0.0,21.5
09,-6.3,86,1010.7,0.1,100,0.0,7.0,20.2
10,-5.5,86,1011.0,0.2,100,0.0,42.0,18.9
11,-5.2,85,1011.0,0.1,100,1.0,98.0,20.0
12,-4.9,84,1011.1,0.1,100,3.0,148.0,23.0
13,-4.7,84,1011.3,0.1,100,4.0,151.0,21.9
14,-4.7,84,1010.8,0.1,100,2.0,136.0,19.9
15,-4.7,84,1010.4,0.0,100,2.0,116.0,19.2
16,-4.9,85,1010.6,0.0,100,2.0,74.0,17.7
17,-5.4,86,1010.8,0.0,100,0.0,30.0,16.5
18,-5.8,86,1011.3,0.0,100,0.0,0.0,16.3
19,-6.3,86,1011.3,0.0,100,0.0,0.0,16.1
20,-6.8,86,1011.5,0.0,100,0.0,0.0,15.5
21,-7.4,85,1011.7,0.0,100,0.0,0.0,15.1
22,-7.5,86,1012.1,0.0,100,0.0,0.0,15.0
23,-7.9,85,1012.4,0.0,92,0.0,0.0,14.3
00,-8.3,85,1012.3,0.0,90,0.0,0.0,12.4
01,-8.6,85,1011.6,0.0,91,0.0,0.0,10.2
02,-8.8,86,1011.3,0.0,87,0.0,0.0,10.6
03,-9.1,86,1011.1,0.0,93,0.0,0.0,11.4
04,-9.4,86,1010.8,0.0,89,0.0,0.0,9.8
05,-9.4,87,1010.0,0.0,100,0.0,0.0,9.0
06,-9.4,87,1010.2,0.0,100,0.0,0.0,9.2
07,-9.3,87,1010.1,0.0,100,0.0,0.0,10.0
08,-9.3,88,1010.0,0.0,100,0.0,0.0,9.0
09,-9.4,88,1010.0,0.0,100,0.0,8.0,9.5
10,-8.8,86,1009.9,0.0,100,1.0,55.0,7.3
11,-8.4,84,1009.9,0.0,100,12.0,116.0,6.4
12,-8.0,82,1009.5,0.0,100,5.0,129.0,5.0
13,-7.6,80,1008.8,0.0,100,11.0,164.0,6.4
14,-7.4,79,1007.9,0.0,100,25.0,148.0,6.1
15,-7.3,78,1007.5,0.0,100,3.0,122.0,6.3
16,-7.2,79,1007.3,0.0,100,2.0,86.0,6.8
17,-7.4,81,1007.0,0.0,100,0.0,32.0,4.9
18,-7.7,84,1006.9,0.0,100,0.0,1.0,3.6
19,-8.0,86,1006.7,0.0,100,0.0,0.0,5.8
20,-8.3,87,1006.6,0.0,100,0.0,0.0,4.7
21,-8.5,87,1006.4,0.1,100,0.0,0.0,4.9
22,-8.8,86,1006.0,0.0,100,0.0,0.0,4.8
23,-8.7,87,1005.7,0.0,100,0.0,0.0,5.9
00,-8.7,87,1005.4,0.1,100,0.0,0.0,7.2
01,-8.5,87,1004.8,0.0,100,0.0,0.0,8.4
02,-8.4,88,1004.2,0.0,100,0.0,0.0,8.1
03,-8.4,88,1003.9,0.0,100,0.0,0.0,7.4
04,-8.2,88,1003.5,0.0,100,0.0,0.0,6.6
05,-8.2,89,1003.2,0.0,100,0.0,0.0,5.7
06,-8.4,89,1002.8,0.0,100,0.0,0.0,5.4
07,-9.1,89,1002.5,0.0,100,0.0,0.0,5.4
08,-9.4,90,1002.5,0.0,100,0.0,0.0,6.1
09,-9.4,90,1002.5,0.1,100,0.0,10.0,7.1
10,-8.2,89,1002.6,0.1,100,1.0,58.0,8.1
11,-7.2,85,1002.4,0.1,100,9.0,122.0,9.4
12,-6.4,77,1002.3,0.1,100,12.0,171.0,10.5
13,-5.9,75,1002.3,0.2,100,17.0,193.0,8.5
14,-5.6,74,1001.9,0.1,100,32.0,147.0,7.7
15,-5.6,77,1001.8,0.1,100,9.0,85.0,6.8
16,-5.4,77,1002.0,0.1,100,6.0,103.0,5.8
17,-5.9,82,1002.0,0.1,100,4.0,41.0,4.3
18,-7.0,86,1002.3,0.0,100,0.0,1.0,6.5
19,-8.3,87,1002.5,0.0,100,0.0,0.0,7.1
20,-8.8,89,1002.6,0.1,100,0.0,0.0,6.9
21,-8.7,89,1003.0,0.1,100,0.0,0.0,7.4
22,-9.1,89,1003.1,0.0,96,0.0,0.0,7.0
23,-9.4,89,1003.2,0.0,92,0.0,0.0,5.5
00,-10.0,89,1003.1,0.0,89,0.0,0.0,6.1
01,-10.8,89,1003.0,0.0,90,0.0,0.0,5.9
02,-11.8,89,1003.0,0.0,86,0.0,0.0,5.9
03,-12.1,89,1003.1,0.0,88,0.0,0.0,5.2
04,-12.3,89,1002.9,0.0,87,0.0,0.0,4.7
05,-11.6,89,1002.8,0.0,89,0.0,0.0,4.0
06,-11.2,89,1002.9,0.0,88,0.0,0.0,4.6
07,-10.7,89,1003.0,0.0,87,0.0,0.0,5.0
08,-10.4,89,1003.2,0.0,89,0.0,0.0,4.0
09,-10.0,89,1003.7,0.0,90,0.0,8.0,4.1
10,-8.2,90,1003.8,0.0,90,1.0,63.0,4.5
11,-7.3,91,1004.0,0.0,92,9.0,122.0,5.0
12,-5.9,89,1003.8,0.0,90,25.0,139.0,5.2
13,-5.1,87,1003.4,0.0,93,69.0,158.0,7.6
14,-4.8,86,1003.2,0.0,95,24.0,174.0,7.6
15,-4.6,84,1003.1,0.0,98,35.0,155.0,7.0
16,-4.7,84,1002.8,0.0,100,28.0,97.0,6.3
17,-5.3,86,1003.2,0.0,100,9.0,39.0,5.4
18,-6.2,87,1002.9,0.0,100,0.0,2.0,6.6
19,-7.4,88,1002.9,0.0,74,0.0,0.0,7.1
20,-8.4,88,1002.8,0.0,60,0.0,0.0,7.9
21,-9.1,87,1002.6,0.0,87,0.0,0.0,8.9
22,-9.0,85,1002.2,0.0,82,0.0,0.0,9.6
23,-8.8,84,1002.0,0.0,68,0.0,0.0,10.7
00,-9.0,84,1001.5,0.0,81,0.0,0.0,11.7
01,-8.9,84,1000.7,0.0,74,0.0,0.0,14.1
02,-8.5,84,1001.0,0.0,94,0.0,0.0,15.1
03,-8.0,86,1000.4,0.0,95,0.0,0.0,15.0
04,-7.9,87,999.8,0.0,100,0.0,0.0,14.7
05,-7.4,88,999.3,0.0,100,0.0,0.0,15.4
06,-6.9,89,998.8,0.1,100,0.0,0.0,15.6
07,-6.5,89,998.2,0.0,100,0.0,0.0,16.2
08,-6.1,90,997.9,0.0,100,0.0,0.0,17.3
09,-5.6,90,997.6,0.0,100,0.0,10.0,18.4
10,-5.0,91,997.4,0.1,100,3.0,56.0,18.4
11,-4.1,90,997.0,0.2,100,1.0,107.0,19.5
12,-3.1,89,996.4,0.2,100,6.0,149.0,22.9
13,-2.3,90,996.0,0.2,100,0.0,153.0,21.7
14,-1.3,88,995.2,0.1,100,6.0,170.0,23.9
15,-0.7,89,994.7,0.1,100,7.0,162.0,24.0
16,-0.5,91,994.0,0.2,100,7.0,106.0,19.7
17,-0.6,93,993.6,0.2,100,0.0,41.0,19.6
18,-0.5,93,993.4,0.3,100,0.0,1.0,19.6
19,-0.4,94,993.2,0.3,100,0.0,0.0,18.2
20,-0.3,95,992.8,0.2,100,0.0,0.0,16.4
21,-0.3,95,992.6,0.1,100,0.0,0.0,15.0
22,-0.1,95,992.3,0.1,100,0.0,0.0,13.9
23,-0.2,96,992.1,0.0,91,0.0,0.0,13.5
00,-0.5,95,992.0,0.0,73,0.0,0.0,12.7
01,-0.7,95,991.6,0.0,87,0.0,0.0,12.2
02,-0.5,94,991.8,0.0,100,0.0,0.0,13.3
03,-0.6,94,991.3,0.0,100,0.0,0.0,14.5
04,-0.8,94,991.0,0.0,100,0.0,0.0,14.8
05,-0.9,94,990.7,0.1,100,0.0,0.0,15.3
06,-1.1,95,990.7,0.2,100,0.0,0.0,15.1
07,-1.2,95,990.5,0.2,100,0.0,0.0,14.8
08,-1.1,95,991.0,0.2,100,0.0,0.0,14.3
09,-1.0,95,991.2,0.1,100,0.0,10.0,13.8
10,-0.4,94,991.4,0.3,100,1.0,50.0,13.9
11,0.1,94,991.9,0.2,100,31.0,99.0,14.7
12,0.8,90,992.1,0.2,100,51.0,160.0,15.5
13,1.2,89,992.5,0.1,100,19.0,203.0,15.5
14,1.3,89,992.8,0.1,100,14.0,166.0,15.1
15,1.2,91,992.9,0.1,100,1.0,126.0,13.0
16,1.1,92,993.6,0.0,86,21.0,90.0,12.3
17,0.8,94,994.1,0.0,100,3.0,37.0,14.0
18,0.6,94,994.5,0.1,89,0.0,2.0,15.5
19,0.4,94,995.0,0.1,95,0.0,0.0,16.3
20,0.2,94,995.4,0.1,100,0.0,0.0,17.8
21,0.0,93,995.6,0.1,100,0.0,0.0,18.5
22,-0.2,94,995.7,0.1,100,0.0,0.0,18.5
23,-0.4,93,995.9,0.0,100,0.0,0.0,18.5
00,-0.6,93,995.8,0.0,100,0.0,0.0,19.2
01,-0.9,92,995.3,0.0,100,0.0,0.0,19.2
02,-1.2,92,995.8,0.0,89,0.0,0.0,17.6
03,-1.5,93,995.3,0.0,89,0.0,0.0,16.3
04,-1.9,93,994.7,0.0,100,0.0,0.0,15.1
05,-2.2,93,994.2,0.0,78,0.0,0.0,15.3
06,-2.5,93,993.3,0.0,82,0.0,0.0,15.4
07,-2.7,92,992.8,0.0,82,0.0,0.0,16.3
08,-2.9,91,992.2,0.0,74,0.0,0.0,17.9
09,-3.4,89,991.5,0.0,59,2.0,12.0,18.8
10,-3.6,87,990.8,0.0,69,53.0,53.0,20.5
11,-3.5,85,990.2,0.0,96,79.0,121.0,19.9
12,-3.2,83,989.5,0.0,94,42.0,168.0,20.6
13,-2.8,83,988.6,0.1,94,6.0,210.0,21.6
14,-2.3,85,987.3,0.1,100,5.0,194.0,21.7
15,-1.7,88,986.0,0.1,100,2.0,161.0,21.3
16,-1.1,87,985.5,0.1,100,2.0,102.0,27.4
17,-0.9,88,984.8,0.1,100,0.0,33.0,25.1
18,-0.8,89,984.3,0.1,100,0.0,2.0,23.2
19,-0.9,90,984.3,0.0,100,0.0,0.0,21.3
20,-0.9,91,983.8,0.0,100,0.0,0.0,19.5
21,-1.0,92,984.0,0.0,100,0.0,0.0,18.5
22,-1.1,93,983.8,0.0,100,0.0,0.0,18.5
23,-1.1,93,983.7,0.0,98,0.0,0.0,18.6
